{
  "checkpoint": "checkpoints/best_model.pt",
  "split": "test",
  "num_samples": 1000,
  "loss": 5.510442957282066,
  "loss_itc": 1.1951357629150152,
  "loss_itm": 0.2864476719405502,
  "loss_itg": 4.028859511017799,
  "itm_accuracy": 87.8,
  "itm_correct": 878,
  "itm_total": 1000,
  "i2t_recall@1": 5.8999999999999995,
  "i2t_recall@5": 24.7,
  "i2t_recall@10": 40.8,
  "t2i_recall@1": 5.800000000000001,
  "t2i_recall@5": 24.0,
  "t2i_recall@10": 37.0,
  "i2t_mean_rank": 31.299,
  "i2t_median_rank": 14.0,
  "t2i_mean_rank": 33.219,
  "t2i_median_rank": 17.0
}